SMILES,QED,MW,LogP,HBD,HBA
CC1CCN(C)C(CC2C3C45CC6CC4C35CN2C6O)C1,0.8387,288.44,1.765,1,3
CC1CC(CC2CC3C4CCC5C6CC7CCC6C7C5N4C23)CN1,0.8351,326.53,3.518,1,2
CC1(CC2CCCCO2)C2C(CCN)C1C13NCCC1C23,0.8339,290.45,2.155,2,3
CN1C2CCC3(CCCCC23)C2NC(C3CCCC3)C1C2CN,0.8227,317.52,2.745,2,3
CC12CCCOCC1NC2(C)C(O)CCCC1CCCCC1,0.8144,309.49,3.645,2,3
CC1CCC(CCC2C3C45CC4CC235)N2C1C1CCC34CCNC3CC4C12,0.8126,364.58,4.052,1,2
CC1CC(CCC2CCCN2C(C)N2C3CCCC3NCC23COC3)O1,0.8115,363.55,2.35,1,5
COC1CC2COC1CC2C1CCC(C2CCC3CC3C2)CNCNC1,0.8098,362.56,3.026,2,4
CCCC1CC1N1C(C)C2(CCN3C4C5CCNC5NCN4C32)C1C,0.8087,345.54,1.424,2,5
CC(C1CCN(C2NCCC3NCCC32)C1)C1CC2C1C1CC3CC3N12,0.8062,356.56,1.723,2,4
CCN1C(O)N2C3NC4N5CCC(C6CCCCCCCC6C)C42C315,0.7998,346.52,1.936,2,5
CC12CC13C2CC31CC2C(C3C4C5CCN6C5CCN4NN36)CC21,0.7946,324.47,1.856,1,4
C.CC(O)CC1C(C)CNC2CCC(CC2)N1C1CCCCC1CF,0.7944,356.57,4.143,2,3
CCCC12CC3C4C3(CC3C45C4C6CCCCC6NC46C47CN(C)C64C357)C1C2,0.7934,374.57,3.664,1,2
CCCC1CCN2CCC3CCNCC3N2C1.CN,0.7918,268.45,1.282,2,4
CN(C1CCCCCCCN1)C1(C)CCN2C3C4CCCC4NCN3C21,0.7891,361.58,2.35,2,5
CC1OC12CCCCNC1CC1C(CC1CC3C4C1C34)CC2,0.7882,301.47,3.604,1,2
C.CCCC1C2CCC34CC5CC6C78CC57C8C63C43C1C21C3C1(C)O,0.7875,336.52,4.492,1,1
C.CCC1C(C)NC2CC(C3C4CCCNCCCC43)CCC21,0.7852,320.57,4.451,2,2
CC1CC2C(C1)C1(N3CC4CC56C(C7CC8CCC875)C436)C2C1N1CCNN1,0.7829,364.54,1.845,2,4
CCC1CC2C(CC1NCC1OC1C)C1CCC3C4CNC34C12,0.7822,316.49,2.412,2,3
CCC1C2CC13C(C1CCNCC1)CCCCC23,0.7816,247.43,3.839,1,1
CCC1CCCC(C2CCC(O)C3C4C5C6CCCC5C64NC23C)C1,0.7803,343.56,4.367,2,2
C.CC(C)(C)C1NC(C2CCCOC2)C2CCNCCC21,0.7801,296.5,3.051,2,3
CCC(O)CC1CCC23CCCCCCC(C2)C13,0.7797,250.43,4.534,1,1
C.CCC1C(CCC2C3OS23C)C2NC(C)CC3C4NN4C132,0.7795,325.52,2.412,2,4
CCCC(O)C1CN2CC2C2C3C4C(C)CC5N6C4C6N3C125,0.7717,301.43,0.563,1,4
CCC(O)N1CCC2CC2CCC2NC2CCCCSC1,0.7694,312.52,3.038,2,4
CC1CCC(C2NCCC2C2CCCCC2)CC1,0.766,249.44,4.371,1,1
CCC1CC23CC(C4CNN(C)C4)CCC24CC2C(CC5OC52)CC3C14,0.7648,356.55,3.699,1,3
CNS1(O)OC1C1CCCN2C3CCCCCCCN3C2C1,0.7626,329.51,3.094,2,5
CC(C)N1C23CNCCCCCC4CC4CCCC2CC3C12C1CC12,0.7575,342.57,4.444,1,2
CCN1C(O)C(C2CCCCC2)CC2CCC(CC3NCC4CN43)CC21,0.7552,361.57,3.015,2,4
CC1(C)NN1CCN1C2CCCCCCCC21.CCCC1NC1C,0.7547,336.57,3.487,2,4
CCC1CCC2CC34C(CCCNCCCC5CC5CC1CN)C3N24,0.7539,345.58,3.383,2,3
C.CCCC1N2CCC3CCCC3C2NCC12CC2CCOC(C)C,0.7536,350.59,4.664,1,3
C.CCC(O)C1C2CCCCCCCC3C4C(CCC21C)N34,0.7533,307.52,4.605,1,2
CNC(C)C1CCCCCC1C1CNC2CC21C,0.7527,250.43,2.789,2,2
C.CC1CCC1CCCC1CC2C3NC3C3C4C5C(C)CC54CC23N1,0.7508,342.57,4.202,2,2
C.CCCCCN1C2CCC1C1C3C(NN1C2)C1CCCCCNCN13,0.7498,363.59,2.391,2,5
CCCCC1CCC(C2CNC3CNC4NCCC4C32)CC1,0.7473,305.51,2.726,3,3
CCCC(O)C1CNC2CCN3CC14CC15CC1CC5C3C24.N,0.7441,319.49,2.018,3,4
CC1CC2C(CNO)C3C(CCC45CCC(CC4)C35)C2C1C,0.744,303.49,4.336,2,2
CC1C(C)C12CN(C1CC(F)C1)C13CN(C4CC5CCCCN5N4)CN1C23,0.7426,375.54,1.817,1,5
C.OCNC1C2CCCCCC2C1C12C3CC4CCCCCC41C32,0.7424,331.54,4.573,2,2
CC12NNCC3C1N(CC1CCC(N4CC5CC5C4)CC1)CCCCCCCCN32,0.7406,415.67,3.03,2,5
C.CC1C(CCC2C3C2C3C2(C)CO2)C2NCCCCCCCNCC12,0.7401,362.6,4.078,2,3
CCCCCCC1C2C3C4CCC(NC)C(C)C4C34OCCC124,0.7398,317.52,4.242,1,2
CC(C)CC(C)NC(CC1CC1)C12C3CC4C5CC3C5C1C42,0.7377,299.5,4.327,1,1
CCC(O)N1C2CCC(C3CC4(CC56CCC5C6)CN5C3CNN54)C21C,0.7354,358.53,1.936,2,5
CCCC1CCCCC1C1(C)OC12C(C)C1C3C(C)CC(NC)C1C32,0.7347,345.57,4.877,1,2
CCC1NC2(N3CCC4CC4CC4C3C3C5CCC6(C(C)C46)C53)CCCCC12,0.7334,380.62,4.893,1,2
CCCC1CC1C(O)C(C)N1C2CCC3(CCCC4CC41CC)CC23,0.7324,345.57,4.995,1,2
CC(C)F.CC1C(CC2CNC(CCO)N2)C2CC12,0.7324,272.41,1.913,3,3
C.CC1CC12CCCC(CCNC1CCCN3C1C14C5C(C6C7C5N67)C1C34)CC2,0.7318,395.64,3.735,1,3
CCC(C)CCC1CC2(CCC3CNCC3N1)CC1N3C4CC5C(CC412)OC12CC1C532,0.7275,423.65,3.306,2,4
C.CC12CC1CCCCCCC2CNC1CCCC2NC2CC1,0.7266,320.56,4.882,2,2
C.CC1CC2OC(CCC1C(N)O)CC1CCCCCC12,0.7258,297.48,3.69,2,3
C.CC1CC2CC3C4N3C3CC45C2OC(N35)C12CO2.CCCCC,0.725,334.5,3.21,0,4
C.CCC(O)C1CCC2NCC(N)C3CCC4CCC3C(CC21)O4,0.724,338.54,2.683,3,4
CC1CN2C(C3CCC(F)CC3)C2C(N2CC3NCCC3(C)CCC2C)N1,0.7236,378.58,2.738,2,4
C.CC1CCC2CNC3C4CC56CC5CCCC46CN3CC2C1,0.7231,316.53,4.116,1,2
CCC(C)CCCC1CCCN(C)CC2CC3CCC(CC)C2C3CN1.O,0.7225,380.66,4.75,1,2
CCS(O)(O)CC12CCCNC3CCC4CCCC4C3C1C2,0.7225,327.53,4.342,3,3
CC1CC(F)CC2CC1C13C(C4CNC5CCCCC54)C4CC1C23C4,0.7202,343.53,4.811,1,1
COC12CC3C4CNC5(NCC6(CCCCCC6)CCN45)C3CCCC1C2C,0.719,387.61,3.719,2,4
CC1(C)CC1N1CC2C3CC1CC14SCC5CCCC1C52C34,0.7186,315.53,4.027,0,2
CNC1C(C)C2C3(CCNC(N4C5CC6CN(CC78CC9C(C)C9C7C8)N5N64)C3)C12C,0.7184,424.64,1.927,2,6
CCC1CC23CN(CCC4CCC5C6CC7(C)NOC7C56N4)CN4CCCCN4C2C13,0.717,427.64,2.18,2,6
C.CC1CCCCC1C1(C)CCCCCCCCCN1CC(N)O,0.7169,340.6,4.921,2,3
CNC12CCC13C1N4CC56C(CCCCNC4C13CC2OC)CC5C1C2CCCC1C26,0.7151,423.65,3.226,2,4
CC1(C)CS1(C)CON1CC2C3NCC4C5C6C7CCCCCCCN7C65C43C21,0.7146,417.66,3.027,1,4
CCC.CCCC1C(CC2C3CC4CCC2C4NCNCN3)C2C3C1C23,0.7142,359.6,3.812,3,3
C.CCC1CCC(CCCC2CCCCN2)C(CCN)C1,0.7127,296.54,4.726,2,2
CCCC1CC1CCC1NCC2C(CCC3CCCCC32)CC1CN,0.7122,346.6,4.972,2,2
NN1N2CCC3N4CC5CC(CCN6CCCCNCC6)CC42C531,0.7115,332.5,0.031,2,6
CCC(O)N1C2CC3CC1(C2)C3C1CCC(C2CC2CCN(C)CC)C1,0.7096,360.59,3.962,1,3
C.CC1C2CC3CC3(CN)CC2C1C1CNC2C(CNC3CCCC32)C1,0.7093,359.6,3.246,3,3
C.CCCC1NC23CC1C14NC2C31C1CCCCC2C(C14)N2C1CCC2CC2C1,0.7093,395.64,3.925,2,3
CN1CCN(CCC2CC3NC24CC3C42CCCC3CCN4CC5(CCC6CC65)C342)CN1,0.7092,437.68,2.497,2,5
CCCCC(CC)CCC1C2C(F)C3OC(N)C13C1CC3(C)CC3C21,0.7084,349.53,4.913,1,2
CCC1CC2(C3CC3C3C(N)C4C3C3C(CC5OC6CC(O)CC65)CCCN34)CC12C,0.7073,426.65,3.413,2,4
CC(C)CCCC1CCC1C(CC1CC2CC21)N1CCC1(C)N,0.7065,318.55,4.634,1,2
OC1C2CCCCC3CC3C23C2C4CCCCC4CC123,0.7064,272.43,4.0,1,1
CCCCC1CCC1C(O)CC(C)C1C2C(C)NC2N2C(C)CCCC12,0.7046,362.6,4.397,2,3
CC1CC(N2CCN3CCNCC4CCCCC4CCCCCC3N2)CC1C,0.7014,390.66,4.229,2,4
CCC(O)NC1CCC2C3CCC4NCCCC4(C3)C2C1,0.7008,292.47,2.641,3,3
CCCC1CC(CC(CC23CCC2N3)C2C3CCCCC32)N1,0.7004,302.51,3.854,2,2
CCC1NCC(C2CC2CCC2CC2(C)CC)N1N1CC23CN(C)N2N13,0.6991,360.55,2.084,1,6
CCCC1CC1CCNC1(CC)CCCC12CCCC(O)C2C,0.6986,321.55,4.902,2,2
C.CC1CN1CCCC1CCCNC2C(CC1)CCC1C3C4C5C(C4C123)C1(C)CN51,0.6984,411.68,4.23,1,3
CCCCNC1C2CC13CC(C)OC1C4C5C(CC14C23)C5C1CCN2C(C1)C1CC12,0.698,408.63,3.923,1,3
CC12C(CCCC3CCN1CCN(C1CC(N)C4(CCC4)C1)C3)OC1CCCCC12,0.6978,415.67,4.171,1,4
CCCC1C2C3CN4CC5C(O)C56C(C4)C6N4C(N)N4CCCCCCCCC132,0.6976,400.61,2.459,2,5
C.CCCC1CC23CC2(C2CCC(C4NC5CCN6CC6C54)CC2)CCCC13.O,0.6961,402.67,4.645,1,2
CCCC1NCCC1CC1CC2C(CCC(C)CC)C1N1C3C(N)C1C23,0.6953,359.6,3.625,2,3
CC(N)CC12C3C4CCC5C(CC6NCCCCCCCC65)CC4C4C35CC1C425,0.6937,394.65,4.971,2,2
C.CCC(O)NC1CCCCCC2CC3C(CC1C)NN1C2CC31,0.6919,337.55,3.265,3,4
CC(C)C1C2NC2CC2C3CC2N3NC1C1C(C)N2CCN3CC3CCC23CC13,0.6917,397.61,1.506,2,5
C1CCNCN2CNC3CCCCC3CC2CC1,0.6915,251.42,2.288,2,3
CCCC1C(C)CC2C1NCNC1NC3C4CCCC4C3CC(C(C)C)CN12,0.6908,388.64,3.596,3,4
CCC(O)N1CCC2CC3(CC21)NC1C(CCCCCCC2CC21)C1CCC3C1,0.6896,400.65,4.933,2,3
C.CC1CC1C1CCC2CC3CN(O)N4C56C7C8CCC9CC9N8C5N7C46CC231,0.6893,396.58,2.962,1,5
CCC(O)N1CCCC(CCC2CCCC23NC2NC4CCCCC4N23)C1,0.6888,376.59,2.807,3,5
CCC(CNC)C1CNC2C(C1)C1CC(C34CCCCC3C4C)CCNC12,0.6883,373.63,3.651,3,3
CCC(O)NC12CCCC3CC45CCC(C4)NCN3C1C51CC1CC2,0.6882,345.53,2.57,3,4
NCN1C2CC3CC4C5CC(CC4(C3)C21)C1CC(N2C34CCC(CC3)C24O)CCC15,0.6882,409.62,3.143,2,4
OC1C2CC(NC3NCCC4C5N6C(N34)C53CC4CCCCC463)CC12,0.688,342.49,0.649,3,5
CC.CC1CC(C2C3C4CCCC(N5C6CC(C)N(CCCC5(C)C)C6)C4N23)CN1,0.688,416.7,3.952,1,4
CC1CC1C1NC2C3C(C)CC4CCC45NCC5CCCC2N1C1CCC3CC1,0.6876,397.65,4.378,2,3
CC(CCC1CC2C1C1C3CC231)C1C2NC3C(CCN)C4C5C(C)C6CC7C(C754)C21C63,0.6867,416.65,4.004,2,2
CC(C)C1NC(C2CCC(Cl)C(O)C2)C2C(N)CCCC12,0.6864,314.9,2.495,3,3
C.CC1CC1CC1CC2CC(C3CO3)C3C45CCCC6C4C65C123,0.6848,312.5,4.756,0,1
CC(C)(O)C1CNCC2C3CCC4(CC4CCCN1)C32,0.6847,278.44,1.761,3,3
CC(N)C1CNC2CC3C(CC4C2CC43)C(CCC(C)C2CCCCC2)N1,0.6844,373.63,3.921,3,3
NCN1C(O)NC2CC13C1CC45CCCCCCCCC4CC5C3C21,0.6836,345.53,2.618,3,4
C.CCC1CCCCC1N1C2CCC(O)C1N2C(N)N1CCC2C(C3CCCCC3)C21,0.6832,432.7,4.159,2,5
CC1CCC2C(C1)C1C3CCC4C5C6N7CCCN6C7N5C41C23,0.68,311.47,2.392,0,3
OC1NCNC2CC3(CC2CCC1C1CC1)C1C2C4C5CC6CC65C1C423,0.6795,352.52,2.558,3,3
CCCS1(O)OC12CCCC1CCNCCCCC3CN4C5CCN4C5C3C12,0.6793,409.64,3.815,2,5
CCCC(O)N1C(C)C1CCNC1CCOC(C)C2CN3CC3CC2C1,0.6764,365.56,2.045,2,5
CCC1CCN2CC34CC3C2(CC(OC)C1)C4C1NC2C(CC1C)CC21CC2CC(C)NC21,0.6761,453.72,4.045,2,4
C.CCCC1CC(C2CCC(C)C2)NC(C2CC34C5CCCC6N3CCC65N4N2)C1C,0.676,428.71,4.757,2,4
CC1C(F)CCCC1C1CCC2NC(NC(O)C3CC3F)SC2C1,0.674,360.51,3.184,3,4
CCC1CC(C)C2CC34C5C6C(C7C8C9C%10C9C%10C876)C53N4C2CC1CC,0.674,347.55,4.278,0,1
C1CCC2(CNCC3OC3C1)C1CC(C3CC4C5C6CN5C6N34)C2N1,0.6739,342.49,0.361,2,5
C.CC(C)CCCOC1CCN2CC3C4CC4C3N3C4CCC5CC5C4C123,0.672,372.6,4.224,0,3
NC1C(N)N(C2C3CCC4CC432)C2C3CC4C5OC5C43C12,0.6714,285.39,0.115,2,4
COC12CC(CC3C4CNC56C7C8CCCCNCNCCC87C5C436)C1C1C3CC312,0.6713,407.6,2.208,3,4
CC1OC2CCC3CC3C1C1NC3CC4CCCCC4C34CNC3CC34C1C2,0.6698,382.59,3.725,2,3
CCC1(OC)CCC2(CCC3CC4C(CNCCCN3)CC35CCC3(F)CC45)CC21,0.6697,418.64,4.848,2,3
CCOC(O)CCCC1C(N)C23CC2N2CN1CC1C4CCCCC4CN1C23,0.6684,390.57,1.385,2,6
CC1NC2CC2C1C1CCC2C(C1)C21C2CC(N3CC3C3CCC4CCCC4C3)C21,0.6683,406.66,4.934,1,2
CCCC1CC23C1CCC2C3CNCC1CC2CN2CCCN1CCC,0.6681,359.6,3.597,1,3
CC1C2C3CCN4C3C3CCCCCCC(C3)CN4C12,0.6665,274.45,3.532,0,2
CCC1CCCNCN1CCCC1(C(N)N2CCCC(F)C2C)N2CN21,0.6644,368.55,1.495,2,6
C.CC1CCC23CC4CCCNC2CC25C6CC(O)CCC62C5C3C4C1,0.6632,357.58,4.614,2,2
CC12CC3CC3CCCCNC1CC1CCCNCC1CCCC2CN,0.6632,361.62,3.926,3,3
CC.CCCC1CCCC(NC2CC3C4C5C(O)C45N3C2C2C3CNCC2C3)C1,0.6628,401.64,3.001,3,4
CCC(O)NC1CC2CC(C3C4C3C43CCC4CC(O)C4C3)CC23CC13C,0.6627,371.57,3.542,3,3
CC(C)CC1CCN2C1(CC1C(C)CCCCCNCCNC1C)C1C3C4C1S342,0.6626,419.72,4.373,2,3
CCC(O)C1(P)CCC(C2CC3NCCC3C3NC4CCCCC4C23)C1,0.6604,378.54,3.316,3,3
CN1CCC2C3CCCNCCN(CC4CC5CCC6C(C5C4)C4C6C5C6C4C56)CCC3C2C1,0.6588,463.75,4.296,1,3
CCCC1C2CC(NCN3CCC(C4C5CCCC6CN6CC6C7CC7C6C54)N3)C12,0.6587,410.65,3.159,2,4
C1CCCCC1.CC1CC2CN1C21CC2C3C(N4CCCCC4)C3N3C1N23,0.6565,370.59,3.287,0,4
CCNCCC1CC2C1C1CCN3C4C5CCNC5NCN4C123,0.6555,317.48,0.408,3,5
CCC1CCCC12CC1C3(C2)NC2CC(C4CCC5CC5C4C)CC24NNCC143,0.6544,395.64,4.242,3,3
CN1CCC(C2CCCC(NC3CN4CCCC(C5CCC6C7CCC7C6C5)C4N3)C2)CC1,0.654,454.75,4.516,2,4
CC1CCC(C2CC2N)CCC(C2CC(C(C)O)C3NCCCCCCC23)C1,0.6532,390.66,4.722,3,3
COCCCC1CCN1C(C)CCCC1CC2CC2CCCN1,0.6531,322.54,3.824,1,3
CCC(O)NCCC1CC2CC3CCNC4N5C6CCC5C(C6)N4C32C1,0.6515,360.55,1.677,3,5
CC.CCCC1CNCCC2NC2C1.NCN1CC2C1C1C(C34CC3C4)N21,0.6513,375.61,1.585,3,5
CCC1C(C)CC2C3NCNC4C(CN5CC5CC5N4CCC4CCC56CC46)C3C12,0.6509,410.65,2.954,2,4
CCCC(C)C.OCNC1CCC2C3CCCNCCCC3C2CC1,0.6503,352.61,4.553,3,3
CC1CC23CC4C5C6C7NCC8C(CC9C%10CC%10CC97)C7CC7C8CC56C4N2N1C3C,0.6496,417.64,3.609,1,3
CC(C)C1C2C3NC4CC5CCNC5C4NC3C23C2CC4CCCC42CCN13,0.6483,382.6,1.954,3,4
CC1CCCCNN2CCC(C(C)NC3CCC(CC(O)(F)F)CC3)C2C1C,0.6477,401.59,4.15,3,4
CC(C)CCCC(N)CC1NCCC2NC(C)C(C)N3C(C)CCCC3CN12,0.6473,393.66,3.101,3,5
CCC(O)NCCC12CCC13CC3C(C1CC3CNCCC3C1C)C2,0.6461,346.56,3.383,3,3
C.CC1C2C3(C)C4CC4CC(C4C(C5CO5)C5C4C4C6CCCCC6CN45)C123,0.6454,381.6,4.685,0,2
CC(C)OC(C)CCCCN1NC23OC(N)C2C1C12C(CC31)C1C3CC4CC4C312,0.6448,399.58,2.708,2,5
CC(C)O.NC1C2CC3CCC2C(C3)CC12CCCCNC2,0.6447,308.51,2.917,3,3
CCC1OC1C1CCCCNC(C23CCNN2CNC2C3C3CN32)C1C,0.644,361.53,0.708,3,6
CC1CCCC2C1C1CCC3NC4NC(O)C5CC5CC3(C1)C42,0.6437,316.49,2.701,3,3
CCCC(O)CCCC1CC23CC4CC4CCCC2C32CCCN2CN1.CN,0.6431,391.64,3.873,3,4
CCC(C(CC1(C)C2C3CC4C(CCN43)C2N1C)CS1(O)OC1N)N(C)C,0.6392,398.62,1.963,2,6
CN1CCC(C2C3CC4NCCC(C5CCC6OCC7CC(Cl)CCC7N6C5)N4C32)CC1,0.6368,463.11,3.181,1,5
CC1(C(N)O)C2NC3C4CCCC3C(CC4)C2C2C3CCCCC3N21,0.6368,345.53,2.062,3,4
C.CCC1(C)CC1CC1CC1CCC1CCCC2CN2CN1C,0.6359,320.57,4.991,0,2
COC1CCCCC1N1C2CC(NC3CC4C5C6CC6C45N31)C2C(N)O,0.6355,360.5,0.465,3,6
CC(C)(O)C1CC2CC2CN2C3CCCC(C4CC4C4CCCCC4)C3C2CNC1N,0.6352,429.69,3.973,3,4
CC1C2CCCCC2N(CCCC2CCNC3C(CCC4NCCC43)C2)C12CC2.P,0.6335,433.67,4.624,2,3
CC(CC1CCCC(C)(NCCC(N)O)C1)C1C2CCC3C2C31,0.6317,320.52,3.12,3,3
CCCC(CCCC1CCC23C(C1)C1CN2C2NC4NCNC3C4C12)C1CC1,0.6307,384.61,3.104,3,4
CC1(C)C2CCCCCCC(C34C5CNC3N4C5)NCCCCCC21O,0.6287,361.57,2.86,3,4
CCC1C(OC)C2C1C21CCN2C34NCCN5CCN6CC(NC7CCC(C)C7)CC6C53C214,0.6263,453.68,1.32,2,6
CC1CCCCC2N3N4CN4C23CCCN2CCCC2CCCN1C,0.6243,347.55,2.705,0,5
CCCC(CC)CCCN1C(C(C)O)NC2CNC3CCSC3C21,0.6242,355.59,2.42,3,5
C.CC(O)C1C2CCC3CC3CCCCCNC3CC(N)C3C2N2OC12,0.6227,365.56,2.487,3,5
CC1CC(NC2CCCC3C(N(C)C4C5CCC5C4NC4OC45C(C)C5F)N23)CN1C,0.6204,433.62,1.57,2,6
C.CC1CCCC(C2CCC(CCCN3CC45CCN3C4C5)CN2)C2CCNNCC12,0.6202,431.71,3.632,3,5
CC(C)CCCCNC1CCC2C3(CC3CCN)C3CC4C5CC5CN4C23C1,0.6202,385.64,4.019,2,3
CC1CC2CC(N3C4C5C(CC(N6CCCCCC6)N43)CN3CC5O3)C3CC23NCC2C1N2C,0.6193,468.69,1.772,1,7
CC(CC1C2CCCNC2C2C3CCCCC3CC12)C1C2CCC3(C1C2)C1CN(C)CCN13,0.6178,451.74,4.868,1,3
CC1CC2CC3CC(C24CC4C1)C12C4CC31C2N(CC(C)C1CC2CC3NCCC231)NCN4,0.617,448.7,3.597,3,4
C.CCC1CCC1C1CCC(CCC2CN3NC4C5C(O)CC6CC67CC57C4C3N2)C1,0.6169,427.68,4.149,3,4
C.CC(CCCC(F)(F)F)CC1CC(C2C3C4CCN5C4NCN3NN25)CCN1,0.6166,418.55,2.661,3,6
CCCCCN1CCC(CC2C3C4C5CCC36C2C546)NC2OC(C3C(C)CCNC23)C1C,0.6164,439.69,3.86,2,4
C.CCC(O)CCCC1CNCC12C1CC1C1CCC3NC4CC5CCCC4C53C12,0.6163,414.68,4.592,3,3
OC12NC3CC1(C3CCCCCC1CCCNCC1)C21C2CCCC1CC2,0.6123,372.6,4.203,3,3
CC(C)C12OC1C2C1CCCCCCC2NCC3(CC4C56C3C5C43C6CCC4CN43)C2NCC1,0.6114,463.71,3.799,2,4
C.CCC(O)NC12C3C14CCNCCCCN1C(CCC5C6C7(C)C8C9C1C87C596)CC342,0.6112,423.65,2.818,3,4
CCCCC(CC)C1NC(C2NC34C2C32NC(C)C43C4C(C)C4C23)C2CCCC3C2C31,0.6107,421.67,3.788,3,3
CC1CCC2NCC2CCC12CCN1C2NC23C(C12)C1C2CCC(C)(N23)C12CCOCC2,0.6086,438.66,2.764,2,5
CCCCC1CC2CCCCC3NNC4CNC5CCC2(CC1CN)C5N34,0.6081,375.61,2.534,4,5
CC(O)N1CCC2CCC3C(C4CCCCCCCC4)CC34CNCC4C21C.N,0.6075,405.67,4.954,3,4
CCCN(CC)C1CN2C3CCC4CC5CC(OC)CC6CCCOC7(CC)CC5C4(C3C12)C7N6,0.6071,485.76,4.301,1,5
C.CC(O)C1CC12CC1C3(CCNN4CCC(N)C5OCN6CCC7(CC7)CC564)CCC123,0.6055,444.66,2.666,3,6
CN.NC1C(CCCF)C1C1CC23CC2CCCC3NC2CC3CC3C2N1,0.6048,378.58,2.172,4,4
CCCC(CC(O)CCC(C)C)NC1N(C)CCC2N1C13CCCCC1N23,0.6034,378.61,3.147,2,5
C.CCCCC(CCOC)N1CC2CC2C12CCC1NC3C(NC1C2)C1CN2CN2C13,0.603,431.67,2.262,2,6
C.CC1C(C2CCC3C(C2)C2(F)OC32)C23CC4C(C)C5(C)N6C2N2C7CC(CC63C725)N14,0.6017,425.59,3.214,0,4
C.CCC(O)NCCC1CCCCCCCCCCC23CC1N2CC3CN,0.6016,381.65,4.263,3,4
C.CNCCC1NC2CC1C1CC13C1CNC4NCCC4C1N(C)C3C2,0.5999,361.58,0.826,4,5
CNCN(C1OC2CCCOCC21)C1OCC12C(C)CC1C3CCCNC3(N)C12,0.5987,406.57,0.9,3,7
C1CC2ON2C23CCC4CC5C6CCNC6NCN5C42C3C1.COCCC1(O)CC1,0.5983,418.58,1.379,3,7
CNC1CCC2C(C1)CN1CCC(C)C(NCCC3C(CCC4CC4)CN4CC34)C21,0.5974,414.68,3.183,2,4
NC(O)C1C(CCC2COC23CCCCCC3)NC23CCCC4(C5CCOCC54)C2C13,0.5973,430.63,3.193,3,5
C.OC1NC2CCC(CC3NCNC4CCCC43)CC2N1C12CCCCC1C2,0.597,390.62,2.751,4,5
NCCC1CCC2C(C1)C1CCC3NCC4C5CC6C(CC5N2C4C31)C61C2CCC3CCC3CC21,0.5969,475.77,4.899,2,3
CC1CCC(NCCC2CCC3C(C2C)C2C4CC5CC46C4C7NC7C46C532)CC1.CO,0.5967,424.67,4.058,3,3
C1CNCC(CC2NC(CC3CNCCN3)CC3C4CC4C23)C1.CCCC,0.5959,376.63,2.747,4,4
CCCC1CC2CN3C1CCC14C5CCC5C1CC41N3C3(C2OCC2CCCC(CN)C2)C2CC231,0.5953,477.74,4.825,1,4
CC12CC13CCC1NCC4CC5OC5CCCCCCCCC4CCNC1C23,0.595,386.62,4.651,2,3
CCCCCCC1C(C)CC1CCC1CC2CCNC2NCN1,0.5943,321.55,3.854,3,3
COC1CCCPCCN2CC34CC3OC3CCNC5C6C(CC3C2C4CCC1)C1C2C1C562,0.5942,470.64,3.592,1,4
CCC1CC2C1CC21CC2(CCCNC)NC(CC)C(C3CC3)CCNC21,0.5917,373.63,3.937,3,3
CC1CC2CCNC3CCCC(C3)C3CCNC2(CCCCNCN(C)C1)C3,0.5911,390.66,3.582,3,4
CCCCNCN1CC2CCC34CCC5C6C7C(C)(CC8NC(CC3C21C)C54N8)C67C,0.5906,424.68,3.536,3,4
CCNN1NCCC1CCCC1C(O)NC23CCC45CCC1(C)C42C53,0.5903,346.52,1.747,4,5
CCC1(O)CCC2C3CCCC2(CN1)CC1C3C2C3C45CCCCC4C25C32C(O)CC12,0.5886,423.64,4.324,3,3
CCCCC(CC)C1CCC2NC(NC(O)C3CC3F)SC2C1,0.5885,344.54,3.626,3,4
CCCCCCCC1CCC(C)C(C2CCC3(CCNC3O)CC2)N1,0.5884,350.59,4.592,3,3
CC(N)CC(C)CNCCCC1CCCCC2C(CC3CCN3C)C12,0.5882,349.61,3.876,2,3
CCC(CCC1C2C3NC4CC4C(CNC)C4C1C3C24)C(C)CCC(F)F,0.5866,380.57,4.408,2,2
CC1CCCCCC1C1C2C(C3CC3C)N1C21CCC2NCN(C3CCCNC3)NC2C1,0.5865,441.71,3.321,3,5
CCC1OC1CC(C)CC1CCCC2C1C1C3NCNC4(C)CC4CNCCCC3N21,0.5854,430.68,3.099,3,5
CC1C(O)NCNCC23CC4C5CCC(CNCC6CCCCC6)CC54C2CC13,0.5837,401.64,3.32,4,4
CC1C(F)CCCC1C1CCC23CC(NC(C4CN4F)O2)C2NC1N23,0.5836,354.44,1.711,2,5
CC1NC2CC3C4C5C(CC3([SH]24)C12CC2O)C1CC2C3CCCC3C215,0.5826,357.56,2.899,3,2
C.CCC(C1CCC2NC(NN(O)C3CC3C)CC2C1)C1C2CCCCC21,0.5823,377.62,4.793,3,4
CCCCC1CC2C1CC1C2N1C1NN(CC2CCCCCN2)C2CCCC(O)C21,0.5811,416.65,3.094,3,5
CC(C)N1C2CC3CC4CC5CC67CC(C6NC5C4C3C21)C1(CC23CCN4CC5C6C4C56C2C3)C(C)C71,0.5805,497.77,4.473,1,3
CCC(O)N1CCCC(NC2CCC3C(C)CNCC(C2)N3C2CCC3CCCCC3C2)C1,0.5798,460.75,3.959,3,5
CC1CC1NC1(C)NC(NC2CCC(O)CC2)C2C3CCCCCCC4(CC24)C31,0.5796,401.64,3.746,4,4
CC1CC12CNC1NCC3C4CCC3C3(CCCC5CC5CCCN3CCC1C2C)C4,0.5794,425.71,4.875,2,3
NCC1CCCCC1N1CC(C(N)O)CNC2CCCCC2C1,0.5785,324.51,0.861,4,5
C.CC1CC2CC34CCC(N)OCCC3CCC3CC3NN(C)C3OC3C2(C4)C1C,0.5783,419.65,4.126,2,5
CCC1CCCC(F)C2CC3C(NCC4NNC1C43)N2,0.5772,282.41,0.903,4,4
CC1C(N)C1CCCCN(C)CCCCCC1CCCC1N,0.5754,309.54,3.37,2,3
CCC1CC23CC1NC2CCCCN3C1C2C3NCCCC4C(C)C4C(O)C4CN4CC321,0.5741,440.68,2.049,3,5
CCC(O)N(C)CCCC1CCCC2C(CC1)CCC1CC3NCNCCCC3N12,0.5741,420.69,3.528,3,5
C.CC1CCCC(CN)C1N1CC(NC2C3CC(CCCF)CC32)C2C3NCC(O3)C21,0.5729,436.66,2.747,3,5
CCNC(O)CC1CC2CCC(C34CC5C6CC3C6CC54)C(N)C2N1,0.5724,345.53,1.681,4,4
COC12CC3CNCCCCC4CCN5CCCCC5CC4NCCC3CCC1N2,0.5714,418.67,3.104,3,5
CCCCCC1COC(C2C3C(CNCCCC)C2N2CCCC(C)C32)N1,0.5703,377.62,3.616,2,4
CC(CC1CCC2(N3CCOCC3)CC12)NCC(O)CC1CCC(C2CC2C)C(C)C1,0.5697,432.69,4.315,2,4
CC1C(CCCF)CCC2CC3C(CCC4C3C3C5NC6NCN7NNC4C57C63)C21,0.5696,415.6,2.227,4,5
CCCCCCOCCCN1CNCCCCCC1C(O)CC,0.5695,328.54,3.536,2,4
CC12CC1CN1C3CC4N(C5C6C7CC78N5C68N5C6C5C5CC57CC67)C45CNC5(N2)N31,0.5692,415.55,-0.857,2,7
CCCCC(N)CCC(N)CCC(O)C1CC2CCCCC2C1,0.5691,324.55,3.969,3,3
CC1CCC(C2CC3NCCCC3C(C3CC45CCCCC4C(CCN)N5N3)N2)C1,0.5686,415.67,2.76,4,5
CC12CC1C2CCC1CCC(C2CCCCCCCN2)C(CN)C1(N)O,0.5659,363.59,2.983,4,4
NC1CC2C3NC24C2CC(CCCCCCC2CO)C(O)C4N3C1,0.5655,335.49,0.646,4,5
CC(CCC1(C)CO1)N1CC23CC(CNC2C2NC4CC5C6COCCN6C5OC4N23)O1,0.5641,447.58,-0.323,2,9
C.CCC1C2C3CCCC24C(CC12C(O)C2CCCNC1CC2C5C26C(C)C56C1OC)C34,0.5636,439.68,4.731,2,3
CCC1CC2(C1)NC2C1NCNCCC(F)C2CC(CCC2F)CC2CCCCC21,0.5636,423.64,4.715,3,3
CC1CCCCCCNC2C(CC3C(C)C32)NC(CN2CCCNC2)CC1CCO,0.5634,420.69,2.799,4,5
CCCC1OC1CCN(CC)CC1N2C3CCCCCC4C(CC5CCCCC54)NC312,0.5628,429.69,4.777,1,4
CC.CC1(C)CC1ON1CN2C3NC4C5C6CCN(CC4(C1)N3C21CCC(CCN)NC1)C5C6,0.5618,473.71,1.149,3,8
CCC(C)C1CC2CC1C2CNC1C(C)CC1CCCC(O)C1CC2C3C4CC43N12,0.5616,412.66,4.295,2,3
CCCCC1CC23NC(C4CON5C6CCCNC6C45)CCC24C(CCCC)C4C(O)N13,0.5614,444.66,2.82,3,6
C.CC1CC12C1CC(CC3CCC4(C(N)O)CC5C6CCCCC5C6CC4N3)C3CC312,0.5612,426.69,4.925,3,3
CCC(O)N1C2CC3OC4C(CC56CC7C(C(C)N7CC7CC8NC9CC9OC8C7)N5C46)N3C21C,0.5608,483.66,0.494,2,8
CCC1CCCCCNC2NC23C2CC45C6C7CCCC6N(CN7)C4C5C23CCCC1,0.5602,424.68,3.823,3,4
CCC(O)N1CCC2CCCCCCCNCN(C)CCCC3CC3(C)CCNC2C1CC,0.5599,464.78,4.803,3,5
CCCCC1CC1CC1CCC2N3CCN(C4NCNC5CC(OC)C(OC)CC54)CC3N2C1,0.5594,475.72,2.483,2,7
CCCCC1C2C3CC4CCC3CC4C1N(NC)C2NC1CCC2(CC1)C(C)N2C1CC1,0.559,440.72,4.757,2,4
CCC1CC2C(C1C)C2C1CN2C3C2C32CC(CCCC3CC4C(C)C4CCNC3O)CC12,0.5572,452.73,4.994,2,3
CC1CCC2CCC3CCC4CN(N(C)C)CCN4CCNCCNCCC3CNCCC12,0.5566,462.77,2.481,3,6
CNS1(O)C(C)C1CC1CCNC2C3C4CCCCC4C23CC2NC2CC1,0.5544,393.64,3.484,4,4
CCC(O)N1CC2C3C1C1CC4C(CCC5CCCCC5)C1(C4C1CNNN1)C23,0.5519,400.61,2.485,4,5
OC1C2CCCCCC3CCCC4C(CC31C2)C1CC2C3N5C(C6CNCNC6)C5C23C41,0.5516,437.67,3.208,3,4
CC1CC1(O)CCC1CCC2C(C1)C1C2C(O)C(CN)C2N3C4(O)CC4C123,0.5495,374.53,0.91,4,5
CC(CCCCNC1C2CC(O)OCC2C2CC3C(C)C3CNC21)C(C)OF,0.549,398.56,2.886,3,5
CC1CCC(C2(N)CCC3CCCCCCNCCCC(O)N(C)C3N2)CC1,0.5487,394.65,3.378,4,5
CCC(O)CCC1N(C2NC3CCCCC3C2CO)C2OC13CCC23.CCN,0.5481,395.59,1.788,4,6
CCC1CC2C(CC1OC)NCNC2N1CCN(C2CCC(CC3CCC(C)CC3)CN2)CC1,0.5472,475.77,3.442,3,6
CN1CCC2CC3ON3C3CC4C5CC6CC6C5C3C43COCCC34CC3C5C3C54C2C1,0.5459,434.62,3.481,0,4
CNC1CC(C2CC3CN4C(CC5NC6(C7CC8C9CC9C9CC9CC8C76)C54)NCCCCCC32)C1,0.5458,490.78,4.069,3,4
C.CC1C2CCCC(NCC3C(CCC4NNCCCO4)C4NC34)C1C2,0.5445,364.58,2.244,4,5
CC.COC1CCCCC1NC1CC2CC2C2C(C1)C2C1CCC23C1C2C1C3N1N,0.5436,413.65,3.803,2,4
CCC1CCCCC1CN1C2CC(N)OC3C(CCC4CCC(Cl)C4)C321,0.5435,381.0,4.517,1,3
CC1CCC(C(C)CCNCC2CC3CC4C(CN5CN4CC46CN4C56)N3C2)C1,0.5429,399.63,1.853,1,5
COC12CC13C(N)NC1(CC4CCCNCC41)OC(C)CCCCC(O)CC23,0.5424,393.57,1.712,4,6
CC1CC1(O)NC12CC1C1C(CCC3CCC4(O)CCCCN4CCCN3)C12,0.542,389.58,2.036,4,5
CC1CCC(C2CNCNC2)CC1C(O)NC1CCC(OC(F)(F)F)CC1,0.541,393.49,2.561,4,5
CCCC(O)NC1CCC(C2CCC(Cl)C(Cl)C2)N1,0.5404,309.28,2.788,3,3
CCC(O)C1(C)CCN2N3CC(C4CCC(NC5CCCC6CC65C)CC4)C2(CN)C31CC,0.5399,458.74,3.903,3,5
CCCC1(CCCC(C)CN)N(C)C2C3NCNC3NCN21,0.5396,310.49,0.227,4,6
C.C.ON(C1CCNC2CN2CC1)C1CC2CCCCC2N1,0.5391,312.5,2.222,3,5
CCC(O)N1CCC2C(CCCC2C2(C)CCC(C(N)O)C3NC(C)C(C)C32)C1,0.5389,407.64,2.759,4,5
OC1NCC2CCC(OC(F)(F)F)CC2C2CC3C(CCCCC12)C1C2CC4CC2NCC431,0.5377,468.6,4.286,3,4
C.CC.FCCC1CCC(CC2CCC3C(C2)C2CNC4NCN5NNC3C5C42)CC1,0.5349,437.69,4.035,4,5
CCCC1C2CCNC34CC3CCCCNCCC43C4C5CCCC4C5CC4CC5NC51C423,0.5348,449.73,4.717,3,3
CC1CCCCCCCCCCCCCCCC1NC1NC2C3CN4CNC3N2C4N1,0.5343,432.7,3.666,4,6
CC1CCC(C2C3C(CCN)CCCN32)C2C1CCNC2C1NC2C3NCCC132,0.5342,399.63,1.141,4,5
C.CCC.CCCC1CCC(C2NCC3NCNCN32)CN1.CN,0.5334,344.59,1.447,5,6
CC1C2(O)C(C3NC45CCC(C6CCC(O)C6)NC4C315)C21C2C3CC3C3C2C2C3C21,0.5311,406.57,1.363,4,4
CCC1CCC2C(CC34CCCC5C(CC(C6NO6)NC3F)C54)CC2N1,0.5306,363.52,3.094,3,4
CC12CC34CCC(CCC5(C6C7CCCCC(N)CN76)OC5N)C3C14N2.CN,0.5306,389.59,0.88,4,6
CC.CC(O)CN1CCC2C(C1)C1C3C4NCCC4NCC3C34CC(CC5CC5C)CCCC3C4C21,0.5302,497.81,4.626,3,4
CC1NCCC2CC3CC3(C1C)C2CCCC1CC2N1C1CCCC23CC2CC2C2NCNCCC213,0.5298,492.8,4.748,3,4
CN1CCC2C(CCN3CCCC4C5CC(NCCCNC6CCCCC6)CC45C3)C2C1,0.5292,442.74,3.967,2,4
OC12CCCCCC3C4C5CC(C(C6NNN7CNC8CCCC8C67)C41)N(C5)C32,0.5286,399.58,1.038,4,6
CC1C(C2C3CCCC4(CCC4O)C32)NC(C2CNN3CCCCC23)N2C1C21CCC2C3OC23C1,0.5281,480.7,2.471,3,6
CC(O)CCCCC(C)CCN(C)C1NCN(C(C)C)C2NCCC12,0.5262,354.58,2.418,3,5
C.CCC1CCN(CCCNCC2C(CC3CC4CC34)CNC3CCCC32)N1,0.5257,390.66,3.642,3,4
NC1NCCC23C(CCC12)CC(O)C1CN(NC2CCC(N4CC5CC5C4)CC2)N3C1,0.5252,430.64,0.71,4,7
C.CCC1CCCCCCCCN1C1OC(N)C1CNCCCC1OC(C)(O)O1,0.5249,415.62,3.113,3,7
C.CC1C2C(N)NCC3CNC(C32)C23CC2C2C(C2N2CC(O)C24CCCCC4)C13,0.5247,414.64,1.611,4,5
CCCCC(O)C1CNC2(CO1)CC1C2CC2N(C)N1C2(CC)CCCC1COC2OC12,0.5235,449.64,2.278,2,7
CN1CC(C2CN3NCCC3C3C4CCCCCCCC5NNC54N23)CN1,0.5235,375.57,0.231,4,7
CN1CC(C2CCCC(N3CCC45C6CC(C)(C)C47C6CC5C37O)C2CO)CC1(N)CO,0.5233,445.65,1.439,4,6
CCCC1OC1CCCC1C2N3NNC4C5C6(C)CCCCCCCCC6NC45N3CC12C,0.5225,457.71,4.092,3,6
CCCCCCCNC(C)C1CC23C45CCCC46C5C1C1(CC)N(C)C4CC62C413.CN,0.5215,425.71,4.799,2,3
CCC(O)N1CNC2NC(CC3CC4C(C3)C4C3CCC(C)CC3)C34C(N)OC3CC24C1,0.5214,444.66,2.424,4,6
CCC12C3CC3C13CC23C1C2CNCC2N2C(N3CC4(N)CC34)[SH]12,0.5208,344.53,0.694,3,4
CNN(C)CCNC1CC1CCC1CC2CCCCC(O)CCCCCCCN2C1,0.5199,422.7,3.777,3,5
CCC(O)N1C2CCC1C(CC1CCC3C(COC3N)N1)C2.CN1CC(N)CO1,0.5195,411.59,0.2,4,8
CCC(C)NC(O)C1CNN2CC3C4C(F)CNC(C)C4C4CCCN4C3CC12,0.5184,409.59,0.927,4,6
CN1C(O)C(C2C(Cl)CCCC2Cl)CC2CNC(NC3CCC4CC4C3)NC21,0.5176,431.45,2.468,4,5
CCC1CCC12CC2NC1C2CC(O)NC1C2(C)NCCC1C2C3CCCCC3C12,0.5175,413.65,3.254,4,4
CCCCNN1NN2CCCCC2C12CCCCOCC1CC3C(CC)SC3(C(C)O)C12,0.5159,466.74,3.717,3,7
CC.CNC(O)CC1CC1CCC1CC2C3CC34C2C4N2CCCCC2CCCCCN1,0.5156,445.74,4.768,3,4
C.CC(CCC1CNC(C2C3CC4C5CCOCC5C4CC32)NC2CC12)C(C)(O)O,0.5149,420.64,2.818,4,5
C.NC1CCNCCC(C2CCNCNCCN3CCCCC3C2)CC1CC1CC2CC2C1,0.5149,461.78,3.793,4,5
CCCC1CC12CCCN(CCCCC1OC13C1N3CC34CC35CC145)C2,0.5138,354.54,3.632,0,3
C.CCC(O)N1CCC2C(NC3CCCNCCC(CC4CN5C6CC(C)C5C46)N3)C21,0.5125,433.69,1.8,4,6
CC1CC1CCCC(C)C(O)(O)CC1CC(C(C)C2CC3CC4NCC3C42)C1,0.5115,389.62,4.426,3,3
CC1CC1NC(O)C1CNN2CCC(N3CCCC3C3CC(F)CCC3F)NC12,0.5104,413.56,1.325,4,6
OCC1CCC(CC2CCC(C3CC4CCNC4NCNCN3)CC2)C2CC12,0.5094,390.62,2.229,5,5
CCCCC1C(CC)C(NCCCN)N2C1(CO)CC1C3CN(C4CC4)C312,0.5088,376.59,1.954,3,5
CNCNC1CCCC12CCC1NC(CCCN)C3(C1C2)C1CC2(CC4CC42)C13C,0.506,412.67,3.224,4,4
CCC(CC1NCC1CNC1NCC2C3C1CNN23)C12CCC3CC3C1C2,0.5058,371.57,1.133,4,5
CN(CCC1CCC(F)CCCCS(O)(O)C1)C1NCNC2NCCC21,0.5056,392.59,2.389,5,6
CCC1CCN(CNC2NC3CCCCC3CNC3CCCC(O)C32)CN1,0.5052,379.59,1.172,5,6
C.CCC(CC1C2NC3CC4CC43C2N1C)NC(O)C1CNC2CCCCN21,0.5052,391.6,0.916,4,6
CC1CC23CCC45CCCC(O)CCC4NN(N)C5C2C3C1N,0.5025,320.48,1.122,4,5
C.CCCC(O)NC1CCCC2C3CC(CC(O)O)C4(CCCC4CC)C123,0.5024,381.6,4.033,4,4
CCC(O)N1CCC2C1C21C2C3NNCC4N1NC(C1CCC(OC5CCCCC5)CC1)C342,0.5012,457.66,1.729,4,7
CCC(O)CC1C(C2CC2)CCC2CC(C(CC)N(N)O)C21,0.4988,310.48,3.179,3,4
CCCC(F)NC1C2CCCCCCC3CCNNNNN3CCC21,0.4976,356.53,2.123,5,6
CCC1CC1C1CN(CC2NC3CCCC32)C1NCC1CC1C12C3C(CCN1O)CC32CC,0.4976,454.7,3.536,3,5
CNC(C)C(CCC1CC2CC2C1)CC1NC(C)NCCCCNCN1C(C)C,0.4972,407.69,3.33,4,5
CCNN1CC12CCCCC21C2CC3NN(C)CC31C(OC(C)C1CNC(O)C1)C2,0.4968,419.61,1.056,4,7
CCCC1CC2CC2C1OCC1C2CC3CC4(C5CCCC6C7C(CCCN5)C67)NC4C32C1(C)N,0.4963,479.75,4.326,3,4
CC1C(C)C1CCC1C(CCCC2CCNCC2CCN)N2CN2N2CC3C4CC(C12)N3C4.O,0.4957,474.74,1.749,2,6
CCC1CCCCC1NCNC(CC)C1C2C1C13NC1CCN23,0.4954,318.51,1.873,3,4
CCC12CC(C)C1CC13C(C2)NCCC1NC1C2CC2CC2(C4(O)ON4CCCC4CC4C)CC132,0.4949,481.73,4.267,3,5
C.CCCC1(O)OC1CCCC1CCNCCCNONCCC2CCCC2C1,0.4948,413.65,3.902,4,6
CCCCCCCC1CCC(C2NNN3CNN4NCCC4C23)CC1.CCF,0.4942,398.62,3.246,4,6
CNC(O)CCCC1NCCC12CNC1C(C)C3C4C56C7CC5C7CCC6N3C4(C)CC12,0.4938,440.68,2.158,4,5
CCCCCC1NC12NC13C4CC(C)CC1C4N3N2CC1CC2C(N)CC12,0.4926,371.57,2.052,3,5
CC1CC(O)N(NC2C3CC(C45CCCCC4C5)SC3NC3C4CCC(S4)N32)C1(C)CN,0.4904,479.76,2.689,4,8
CN(C1CC(CS(O)(O)C2CC3CCCCC32)C1)C1NCNC2NCCC21,0.4895,398.62,2.438,5,6
C.CCCCCCC1C2NC3CCC(CS(O)(O)NC)CC3C12,0.4893,346.58,4.481,4,4
CC1CC(CCCCN2CC(C(C)N)C(N3C4CCCNC43)N2)C1,0.4884,335.54,1.706,3,5
CCC1(CN)C2CC(N)CC2CCC1C1C[PH]12C1NC1C21CC12C1CCCCC12,0.4879,415.61,3.498,3,3
CCC1C2NCC3(C(C)C4C5CC3C4CC5CC(O)NCCC(N)CF)C12,0.4878,379.56,2.124,4,4
C.CCC(O)N1CCC2CCCC23C(CCC(CC2CCC2CCO)C2CN2C)CC13,0.4876,434.71,4.741,2,4
CCCCCCCC1NC23CC(N4CCCC(NC5CC5(C)F)C4)N(C4C(O)CC42)C13,0.4874,434.64,2.775,3,5
CC1CCCCC(C2CC3CC(CNC45CCC(CC6C7CC76)N4O5)CC34CC35NN3CC45N2)CC1,0.4872,493.74,3.949,3,6
C.CCCC1CN2NCC3CCC2C1C3CCCCCCN1CC1C,0.4869,349.61,4.538,1,3
CCC(O)N1CCCC(CC2CC(C)NCCCC(C3CNCCN3)N2)C1,0.4868,381.61,0.867,5,6
CC1NCC2CCCC3(CCCC(NC(O)NC4CCCCNC4)CC3)C21,0.4859,378.61,2.311,5,5
CCC(CCCCN1C(C)(C(C)O)CN2CN3C4CCSC4C231)C1CC1CCCN,0.4855,436.71,3.13,2,6
C.CCCCCCCCC(CC)N1C(C(C)O)NC2CNC3CCSC3C21,0.4852,399.69,3.978,3,5
CCC1CCNO[SH](O)N(C)C12CCN1C3C4C(CCCC12)C1OC143,0.4851,369.53,1.936,3,6
CCCC1C(CC)C(O)N(I)CCCC23C1C14C2C1(C1CCCC1)NN34,0.4848,471.43,3.693,2,4
CCCCCCC12CCC(CNCCCN)C1(CN)C2CC,0.4848,309.54,3.277,3,3
CC1CC23C(N1)N2C31CCC(NC2C3CN2NCCC3CC2C3CCCCCCCC32)C1.N,0.4845,456.72,3.584,4,6
C.CCCCCCCCNC1CC2CC2CC1S,0.4828,271.51,4.67,2,2
CC1OCN2C(NC3C4C5NC46C34CC546)CC(NCCC(C)(N)F)C12,0.4828,349.45,-0.542,4,6
CC(CN(N)CS(C)(C)O)C1CC2CC(CCC23C2CCN4CC35CCC245)N1,0.4821,408.66,2.678,3,5
CC(F)(F)OC1CCC(NCN2C3C4CC(CNCN)C5CC6CC(CC27C(C4)C67)C53)CC1,0.4811,464.65,3.351,3,5
C.CCN1CC2CC3(CN4CCC(CC5CC5C)CCCCC(CC(C(N)N)NN3)C4)C21C,0.4807,462.77,3.13,4,6
CC1C(CCCO)C12C1CCC3(N)C(CNC(C4C5CCCC4O5)C12)P3CC1CC1CF.F,0.4805,484.61,3.854,3,4
CC(C)C(O)NCC1CC1CC1NC(CC23C(C)C4C5CCCCC52OC43)N1,0.4803,389.58,2.405,4,5
CC12C(CCC(CN3C4CC(C5NNN6CNC7NCCC7C56)CC43)C1F)CC(F)C1CC12,0.4799,462.63,1.756,4,6
CCCN(CC)C1C2CC(C3(NC)C(NCO)CC4C3CC43CCC(CC)CC3)CC21,0.4781,431.71,4.236,3,4
C1CC2CC(C1)N(CCCC1CCC34CCCCN3CC4C1)N2.NCCCCCCO,0.4779,434.71,4.05,3,5
C.CCC1CC(CCC2CCCC(C3NNN4CNC5NCCC5C34)C2C)N1.F,0.4777,412.64,2.306,5,6
CCCC1CCCCC1CC1C(NC(C)O)CCC2CCCN21.CS,0.4773,370.65,4.452,3,4
C.OCC1CC2NCCCC3NCCCC3CCC2CC1CC1NC12CC1CCC3C1CC32,0.4766,457.75,4.324,4,4
CCC1(C)NC12CC2CCC(C)C(C)CCCC1NCNC2NCCC12,0.4759,362.61,3.194,4,4
CC1CO1.CNC1CCC(CCC(N)CCCC2CNC3CCCC3C2)C1N,0.4755,394.65,2.773,4,5
C.CC(CC1C(CN)C2NC3CCCC312)C(O)NC1CCC(OC(F)(F)F)CC1,0.4752,421.55,3.12,4,5
CC12CC(C3CC3C3CCC(C4CCCC5NC(NC(O)C6CC6)NN54)CC3)C3CC31C2,0.474,440.68,3.755,4,5
CCC12C3CCCC4CC1C(C43)N2C(NC)NCCCC1C(C)C2CC3CC3C12,0.4724,397.65,4.296,2,3
NC1CC2CC3CC3CCCC2CCC23C4C5NCCC46C54CC5CC7CCCC75C4NC26C3C1,0.4716,473.75,4.845,3,3
CCCNCC(CCCC1C2CCCCC2CN1NCC)C(C)CN,0.4714,352.61,3.382,3,4
CCC(O)C(C)CNCCC1CC2CNCC12C1CN(C2CCCCCCCC2)C1C,0.4711,433.73,4.422,3,4
C.CC1NC2CCC1C1NC(O)C3CN4CC5(CCC6(C7CC8NC8C7)CC65)C4C3C1C2,0.4707,440.68,2.156,4,5
CCC(O)N1CCC2C(NC3C4CC4(F)CNC4NC5(C6C78CN9CCC97C658)N43)C21CC,0.4699,442.58,-0.212,4,7
CCCC1(CN(C)S(C)(O)O)N2CC3C4CCC5CC4C21C53CC1C2CC3CCCC(N)C321,0.4681,475.74,4.636,3,5
CCCCCC12NC1C(C1CC3(N)CCCC13)N1C3CC(C)CCC3C1C2C.N,0.4678,402.67,4.464,3,4
C1CC2NCN3NNC(C4CCNC5NC6C7CCC(C7)C6C54)C3C2C1,0.4662,358.53,0.348,5,6
CCC(CCF)CCNCC(NC1CC2(C)C3(F)C(F)C23N1)C1C2CCCC21,0.4656,399.55,3.494,3,3
CCC(O)NC1CCCC2C3(CCC1)CC(C(N)O)C14NC56CC(CC231)C4C5C6,0.4654,401.6,2.067,5,5
CCN(CN)C1C(C2CCC(C)CC2)NCC2CN3NC4(O)C(CCN3C21)CC4OC,0.4647,436.65,0.54,4,8
CC1NNCCC1C1(C)CCC2NC(NC(O)CCCF)SC2C1,0.4647,360.54,1.694,5,6
CN.CNCCC1CC1CCCCCCC1NCNC2CCCC12,0.4627,338.58,2.835,4,4
CCC(O)N1CCCCCC2CC(N)CNC2NC(NC2CC3CCCCN3C2)C1,0.4616,422.66,0.986,5,7
CC1C(F)CNCCC2CC3C4CCCN(O)NC4(F)N4C(C2)C134,0.4616,342.43,1.646,3,5
CCOC(O)NC(N)NC1CCC2C(CCC3CCNC2C3)C1,0.4609,326.49,0.667,5,6
CCC(O)N1C2CCC3C4CC5C6CCCC(NC(N)CCC7CC7)C6C5C3C41C2.N,0.4602,430.68,3.845,4,5
C.COCC1C(C)NCNC(N2CCC3C45NCC(CCC6CCCCN6)CN4C325)C1C,0.4602,448.7,1.572,4,7
CN(CCC1CCCCN2OS2(O)N1)C1NCNC2NCCC21,0.4595,346.5,0.132,5,8
CCCCC12CC1CC2CC(C)C1(C2CCC[SH]2O)N(C)C2C3CCNC3NCN21,0.4593,436.71,3.632,4,5
CCCC(CCNC(O)CC)CC1NCCCCC2CCCCC2C2CN3CCC2C13,0.4585,433.73,4.77,3,4
CCCC1CCN(CNC2CC3C4CC2C4C2CC3C3C4CCC3C24)C1CCN(C)N,0.4579,426.69,3.782,2,4
CC.CC.CNS(O)(O)CC1C2CCNC2C2C3CC1(C)C2CCCCC3O,0.4576,418.69,4.725,5,5
CC1CCC2NC2C1C1CCC2NC(NC(O)C3CC3F)SC2C1,0.4574,355.52,1.796,4,5
CCCCC1C2CCNC(O)CC(C)N1CN1C2C2C3(C4CNNC4)CNC213,0.4571,390.58,-0.151,5,7
CC1CCCCCCCCCNC2NCC3CC(N4C5CC6(C)CCC5CC46)C3NNCCC12,0.4568,471.78,4.396,4,5
CC(CCCCNC1C2C(CC3CC3)C1C1C2CN2CC12)CC1CCN(C)C1,0.4568,385.64,3.699,1,3
CCCC1(C(C)(O)NCCF)CC2C3NNCCC4CN(CC)CCCCCC43CN21,0.4566,439.66,2.246,4,6
CCCC(CNC)CC1CC2CNCC2C2CN(CCNC3CCC4OC(F)(F)CC4O3)C12,0.4565,470.65,2.645,3,6
CC.CC(C)CCCCN1CC1C1CNCNCCCCCCC2C3CN1C21NC31,0.4559,419.7,3.222,3,5
CC1CC1(O)NCCC1CNC23C(CCCC1S)CN2C1CCCC13,0.4556,365.59,2.193,4,5
C.CCCC1C(O)NC2CC(CC3CCC4CC5NC5CC34)C(S)C21,0.4554,366.61,3.43,4,4
NCCC1(N2NCC(C3CC(C4CCCCC4)CC4NCCCC43)N2)CC(CN)C1,0.4538,418.67,2.111,5,6
CCC(O)N(CC)CCC1CC2C1CC1CCC2C1CC(C)CC1CCC(OC)CN1,0.4537,434.71,4.909,2,4
CCCCC1CC2(C3CC(O)N4C(CCC5CC(C)O5)CC34)CC2C1C1CCCN(C(O)CC)C1,0.4533,488.76,4.998,2,5
CCCC1CC23C(CCCN1C(O)CC)C2CC1(CC2CCCCC2CNNC)CC13,0.453,431.71,4.932,3,4
CCC(O)CCCCC(C)C12C(CC)C1C13C2N2C4CCCCC4CC2C12C1CN1C23,0.4527,424.67,4.678,1,3
CCCCC1C2CC3(C)CC4(CNCC5CCNC54CCNC(O)CC)C(C)CC123,0.4526,417.68,3.895,4,4
COC(C)C(O)CCC1CC(C2CCC3NCC(C4CNN(C)C4)NC3C2)CCCC2CC1C2,0.4526,476.75,3.16,4,6
CCCC(C)NN(CCC(C)N)C1NC1C1CCCCC1,0.4519,296.5,2.597,3,4
CCC(O)CC1C2CNCCC(Cl)C2C12CCCNCCCN2N,0.4518,358.96,1.298,4,5
CCCNN1NC(C)C2(CC)C3CCCCN3C12.CCNN,0.4513,312.51,1.17,4,6
CCC12C(CCCO)CCCC13NCCC1CNC4C(CCC5CCCCC5)CC4C1NC32,0.4508,457.75,4.613,4,4
CCCC(O)N1CCCC1C1(C)NC2OC(N)C23C(N1)C31CCC(OCC2CCC3CC23)CC1,0.4505,474.69,2.48,4,7
CCCCNC(CC)C1CC2CCCNC3NC3CCN3C4CC(C)CC4CC23C1,0.4504,416.7,4.112,3,4
CCC(C1CCC(CNC2C3C(O)NCCC34C(C3CCCC35CC5)N24)C1)C1(O)C2CN21,0.45,442.65,1.676,4,6
CC1CCC(C)C(CC2COC23CCC(C2CNN4CNC5NCCC5C24)CC3)NC1N,0.4498,446.68,1.562,5,7
CC(N)CC1NC(CC(C)N2CC3NONCCCCCCC3C2C)C12CCCC2N,0.4494,436.69,2.019,5,7
CC1NCC1CCCNC1NNCCCCC2C3C(CCN)C2C13,0.4494,335.54,1.025,5,5
CCC1(O)C(C)C1CCCC12CC1C1NNC(O)CC(CCN2)C1C1C2CC3CC3C21,0.4488,429.65,2.635,5,5
C.CCC(O)NCCC1CCCC2NCC(C3CN3)C2CC1,0.4479,311.51,2.087,4,4
CNC1CCC(C2CPC3C4NC(N5C6CC(O)C(C78CCCCCC7C8)C65)C4C23)CC1,0.4475,457.64,3.389,3,4
CCCCNCC(C)CC(C1CCC2CC(CN)CC(CN)CN21)N1CCCCC1,0.4474,421.72,3.033,3,5
CCC(O)N1CCCC2NC3(CC21C)NC12NC4(CC5C6CCCCC6CC54)C14C3CN1C3N1C324,0.4472,478.69,1.356,4,7
CCC.CCC(O)NCC1CC1C1C2CC3CCC(O)CCC4CN3C2C(C(C)O)CC41C,0.4471,464.74,4.004,4,5
CN(C1CC(NS2(O)OC3C(C4C5CC54)CN32)C1)C1NCNC2NCCC21,0.4452,396.56,0.027,5,8
CC1CC1COCC1CNNNN2CC3CC(OS4(C)CC4C)CC3C3CNCC2C3C1,0.4448,467.72,1.875,4,7
CCCCCC1C2C(CCCNC(O)CCC)N1C1C3CCCC3N21,0.4434,349.56,3.3,2,4
CCC(O)N1CC2(C)CC(N3CC(C(N)O)C(C4CCC(OC5CCCCC5)CC4)N3)C12,0.4417,450.67,2.168,4,7
CC(C)C(O)NC1CC2C(CC1C)C1CNC3N4CC5(CCNCC5)C34C12,0.4417,374.57,1.194,4,5
CC.CCCNC1(O)C(C)CCNC2CC(NC3CCC(Cl)CC3)C21,0.4412,374.01,3.227,4,4
CC(C)NCCCC1NCCCCCOCC2CC3CC2(C)C(O)C3C2NC3(CCC4(F)CC43)C12,0.4409,491.74,3.795,4,5
CN1CCC2NC34NCCCOCCCCCCCCC3C4CCCC2CCCNCCN1,0.4401,463.76,3.638,4,6
COC1CC2C3CCC4CC(C5NCN5C(CCCCCCN)C5CC56CC6C)NC4C3C12,0.4391,456.72,3.537,3,5
CC1N(C23CC4C(C4C45CC6CC64C5)N4C5C(C2)C(C)C543)C2(C)C3C4CC5CC(Cl)CC4N2C513,0.4385,476.11,4.147,0,3
CC1CCC(C2CC3C4CN5NCNC6N7CC(C(O)NCC8CCC(C)C(C)C8)C7C65C4C23)CC1,0.4382,497.77,3.051,4,6
CC(C)CCCCC1(N)CC2CN2C2[SH]3CCCCC3C3C(C1)N1CC321,0.4378,377.64,3.325,2,3
CCC1(C)CC2C3CCCC4CC4CCCC4C(NCNC5CN5CNC)C4C2C31,0.4371,414.68,3.845,3,4
CC1CC(NC2CC(C3CC(N)C4CC43)C3CCNC(O)C23)CCC2C(C)CC2CCCC2OC2C1,0.4359,499.78,4.281,4,5
C.CC(N)CCCC(N)C1CC2C3C1C21CC31C.CCN(C)CC1CC2CCN(CC(C)O)CN21,0.4354,491.81,3.184,3,6
C.CCC.NCCCC1C2CC3(C4C5C6CCCCC6N54)C4CC3C(CC24)C1NCO,0.4352,431.71,4.219,3,4
CCC(CCC1NC2C1C1CC13NC1C4C(C)C4N1C23)C1CCC2C(C1)NC(CCOC)C2N,0.4351,469.72,1.89,4,6
C.CC(CCC(C)NCC1CCCC2CC12)NCCC1CN2CC(C1C)C1CCC(N)CC12,0.4349,460.8,4.879,3,4
CC1CCCC(Br)C1C1C(O)COC2CC3OC34C3CC3C3C(C5NCCCN53)C4C21,0.4347,493.49,2.605,2,5
CCN1C2C(C(C)(O)CC3CCC3CNCC3C4OS34C)C3N2C31NC1CCC(C)CC1,0.4322,464.72,2.629,3,6
CCC1C(NCC(C(N)O)C(CC)N2CC3CCC4C3N4C2)CCC2OC21,0.4311,378.56,0.94,3,6
C.CC1C(C2CC(C34C5N6CC7CC53C4N76)NC3C(CCCCN4CCOC4)C23C)CC2NC21C,0.4306,481.73,2.508,2,6
CC.CCC1CCCCC1.CCNC1CCC(NCN)CC1.CNCNC,0.4297,387.7,3.799,5,5
CCCC1CCC1NCC1C2CC1C1C2NCOC[SH]1C1CC2C3CC21N3C(O)CC,0.4294,449.71,2.637,4,5
C.C.CCC.CN(CCCCS1(C)CN1)C1NCNN2NCCC12,0.4283,364.65,2.267,4,6
CC1CCC2CC1C(N1C(CC(C)(N)CN)C3CCC4C(C(O)NC56CCCCC5C6)C4C31)C2,0.4283,470.75,3.443,4,5
CC.CS1(NCCCNC(C2C3C4C5C6C7CCCC76C3C245)C23CCCC(C2)O3)CO1,0.427,446.7,4.452,2,4
CCCC1CC(CC2CCC3C(C2)C2CNC4NCN5NNC3C5C42)CC1CCCN,0.4269,430.69,2.388,5,6
CC1CCC2CC3(CC12)CN(C)CC3C(N)O.CCCCCC1CC1CC1CC1N,0.4268,419.7,4.208,3,4
CCC12CCC1CC1CC1N(C1(CC3C(O)NC4C5CC(C(F)N(F)Cl)C5C34)C3C4CC4C31)C2,0.4264,494.07,4.336,2,4
CC.CCNC1C2C(CCCC3CCC4CC3C4CCN)NNCC12CN,0.4239,379.64,2.223,5,5
CC1CC1C1C2C3CCC4C56NC(C7C(N)N7C)C45C36C1N2CCCCCCN,0.4238,397.61,1.18,3,5
C.CCCN1CC2C(CC3CC4C3CC4C3CC(C(CC)CNCCCN)O3)C21N,0.4232,420.69,3.034,3,5
CC.CN1CC1CCCCCC1NCC23C(N(C)C4C5C(C6CCNC6)C54)C1N2C3(C)C,0.4229,443.72,2.618,2,5
CC(NC1CC1(N)O)C1CCCCC1CCC12CN1C13CCNC1C23,0.4223,346.52,0.769,4,5
CCC[SH]1COC1CCC1CCCCCCCNC2NC23OC3CCCN1,0.4222,399.65,3.198,4,5
C.CCN1NCC(NC2NC3C(CCC4CCCCC4CCCN)CC23)N1,0.4219,380.63,2.142,5,6
CCOCN(C)CCCCC1CNC2CCCCCC3NC(CCC1C)CCN(C)C3C2,0.4216,450.76,4.472,2,5
CC1CCCC(CCNC(F)CC(C)C2C3CC3N3C(CN4C5OC54C)C23C)CCC1,0.4201,433.66,4.744,1,4
CCC(CC1CCCCC1C)CN1CC(C)C12C1CC3C(C)N(C(O)CC)C312.CNN,0.4199,434.71,3.82,3,5
CCC(O)N(C)CCCC1(C)CCCCNCNC2(CC3CCCC4CCCC43)CC2N1,0.4191,448.74,4.213,4,5
CC12CC3NCCC(N)C(C4CCC5C4NC4OC45)C1CCC2C3CCCCN,0.4182,402.63,2.196,4,5
CC.CCC(F)CCC(NC(CC)CC1NC2CCCNCCCC2N1)C(C)C,0.4168,414.7,4.744,4,4
CC12CC3(CN(N)C34CC3CC5CCN6CNC7C8CCCC87C6C5C34)C1C1(C)C3CCCC2N31,0.4167,475.73,3.012,2,5
CCN(C)CCCCC1CCC2NCC3C(C4CCC5CCCC5C4)NC4(C2C1)C1NC314,0.4167,440.72,3.764,3,4
CCCCOCC(Br)CCCCCC1CCNC1NC,0.4166,349.36,3.672,2,3
CC(F)CC(N)CC1N2NCC(C3NC4CCNCCCCC4C4NCCCC43)N12,0.4164,423.63,0.686,5,7
CC(O)CC1CCC2CC1CC1CCCNC1C1CCCCCNC3OC3C1NCC2O,0.4162,449.68,2.386,5,6
CCC(O)N1CCC(C23NN(C4CCC(CCCC5CC6CCC56)CC4)C4CNOC42N3)C1,0.4154,459.68,2.531,4,7
CCC(CCCC1(C)CN1C)CC1CC(CCC2CC2CCN)C2CCNC(O)C12,0.4145,419.7,4.222,3,4
CCCCN1CC2(C)C1C1C3C(CCC4CCNN5NC5CCCCNC(N)C5CCCCC45)CC312,0.4141,498.8,4.045,4,6
CC(CCCCN)C1CC2C(CC1N)NN2C1NC2CC34C5CCCCC5C3C4C2N1,0.4139,428.67,1.716,5,6
CC(F)CC1CNC23NC(CC(C)CC(O)NC4CCCC5CC54)CCC(C)C2C13.Cl,0.4121,458.11,4.219,4,4
C.CCC(O)N1CCCC(CC2CCNC3NN3C3C(C4CCC(O)NC4)N23)C1,0.4118,410.61,0.247,5,8
CC1CCCC1C1N2C(C(CI)C(N)O)C13C1CC4C5C4C5C123,0.4113,426.34,2.068,2,3
CCC1CCC1C1CC1N(CC)CNC1CCCCNCCNN1N,0.4109,352.57,1.46,4,6
CCC(O)NCCCCCC1CC1CC1C(N)C2CC3C4CC2(C4C)C13,0.4106,360.59,3.756,3,3
C.CCS(O)(O)NC(C)CCCC1CN2C3CC3C3(CCCNCNCC3)CCN12,0.4104,445.72,3.457,5,7
C.CCCCCS(O)(O)CC1CC(N(C)C2NCNC3NCCC32)C1C,0.4102,390.64,2.932,5,6
CCC(CCCC1C2CC3CC34C2C(C2OC12)C1C(O)NCCCCN(C)[SH]14)C1CC1C,0.4094,462.74,4.179,3,4
CC(O)CONC1CCCC2(C1)C1CC(N3C4CCC(C5CCC6CC65)CC43)C3C(N)CC3C12,0.4088,469.71,3.698,3,5
CCC1(O)NC12CCC1C(C2)C2NC12C(F)C1NCNC2CC34C(CCC5C2C3C54)OC1C,0.4086,458.62,1.243,5,6
CC1NCNC(N2CC3CC34C(C3CCCC(NC5CC(O)CC(Cl)C5)C3O)C24)C1F,0.4084,457.03,1.15,5,6
CCC(O)N1CCC(C(O)C(C)C23CCC2CN3NCCCCC2CC3CC34CC4C2)CC1,0.4079,459.72,3.999,3,5
CC1COC2OC2CC2CCC3NCCCNC3C2CNCCC(N)CCCCCCCO1,0.4078,466.71,2.531,4,7
NC(O)C1CNCC2CCNCC2C2CNC3CCCCC3CN12,0.4068,337.51,-0.706,5,6
CCCC(C1C(C)CCC1CCC1NCNC2NCCC12)C1CS1(O)NC,0.4066,398.66,3.094,5,5
CC.CCC(O)NC12CC(CCC(C)CS3(N)CC3C13NC3CC(C)C)C2F,0.4064,417.68,3.675,4,4
CC(C1NC(O)N2CCCC3CC34C3CCCC4C3CC23C24CNC(C2)C143)C1(O)NC2CCC1CC2,0.4057,494.72,2.36,5,6
C.CCS(O)(O)C(C)CC1C2CN2N2CC(C3CCNC4NCCC43)C(NC)N12,0.4044,430.66,1.392,5,8
CC(CN)CCCCCNN1CC2C1NCCC21CN2CCC3CC3CC21.NC1CCCCC1,0.4043,474.78,3.276,4,6
NCCCCC(O)C1CC2C3CC1N3NN2C1NC2CC3C4CCCCC4C3CC2N1,0.4034,430.64,1.103,5,7
C.CCC1(CCCCC2CCC(C3NNN4CNC5NCCC5C34)CC2)CC1N.F,0.4031,426.67,2.828,5,6
CCCCCCCC1CCCCC1N(C)NNC1CC2CC3CC3C2N1,0.4024,362.61,4.191,3,4
CNCCC1C2CN1CC1CCCC12.CSCCC(O)COCCCCCN,0.4017,415.69,2.572,3,6
CC1CCCCNC(O)C2CN3C(NCNC4CC56C7C8C9CCCCC97C85C46)C23CC1,0.4013,438.66,2.466,4,5
C.CC1CCCCCCCCCCC2CC3C4C(NCC4C2C1)NCN3NN,0.4009,393.66,3.971,4,5
